username,display_name,email
jhall,James Hall,james.hall824@outlook.com
lharris,Liam Harris,liam.harris545@gmail.com
nmartinez,Noah Martinez,noah.martinez@outlook.com
ndavis,Noah Davis,noah.davis@example.com
iallen,Isabella Allen,isabella.allen5@protonmail.com
ltorres,Liam Torres,liam.torres@yahoo.com
msmith,Michael Smith,michael.smith@example.com
gscott,Gabriel Scott,gabriel.scott762@mail.com
esmith,Evelyn S. Smith,evelyn.smith@mail.com
lmiller,Liam Miller,liam.miller861@example.com
jmitchell,Jackson Mitchell,jackson.mitchell@example.com
hking,Hannah King,hannah.king937@protonmail.com
nbrown,Noah Brown,noah.brown@outlook.com
jgreen,Jayden D. Green,jayden.green837@protonmail.com
elliesmith760,Ellie Smith,ellie.smith444@outlook.com
janderson,Jayden Anderson,jayden.anderson160@gmail.com
onguyen,Olivia Nguyen,olivia.nguyen@protonmail.com
cmoore,Charlotte Moore,charlotte.moore@protonmail.com
storres,Sophia Torres,sophia.torres@example.com
ecampbell,Ellie Campbell,ellie.campbell947@protonmail.com
mrivera,Mateo Rivera,mateo.rivera54@protonmail.com
jmartinez,Jacob Martinez,jacob.martinez10@example.com
oscott,Oliver Scott,oliver.scott@mail.com
ccarter,Charlotte Carter,charlotte.carter221@outlook.com
myoung,Mason Young,mason.young993@outlook.com
jwilson,Jayden Wilson,jayden.wilson@protonmail.com
ljackson,Levi Jackson,levi.jackson3@example.com
wroberts,Wyatt Roberts,wyatt.roberts@mail.com
egonzalez,Evelyn Gonzalez,evelyn.gonzalez@yahoo.com
ajones,Aria Jones,aria.jones735@example.com
jthompson,Julian E. Thompson,julian.thompson732@gmail.com
jrodriguez,Julian Rodriguez,julian.rodriguez@outlook.com
hroberts,Henry Roberts,henry.roberts924@outlook.com
cperez,Charlotte Perez,charlotte.perez948@gmail.com
lwilson,Logan Wilson,logan.wilson767@mail.com
evelyngonzalez988,Evelyn Gonzalez,evelyn.gonzalez@outlook.com
athompson,Alexander Thompson,alexander.thompson@example.com
lyoung,Luke Young,luke.young141@protonmail.com
ohill,Oliver Hill,oliver.hill297@yahoo.com
emitchell,Elijah Mitchell,elijah.mitchell500@yahoo.com
lroberts,Lily Roberts,lily.roberts@mail.com
wthompson,Wyatt Thompson,wyatt.thompson@outlook.com
jtaylor,Jack Taylor,jack.taylor88@gmail.com
aperez,Ava Perez,ava.perez@gmail.com
hhill,Henry Hill,henry.hill@yahoo.com
edavis,Emma N. Davis,emma.davis@gmail.com
mdavis,Matthew R. Davis,matthew.davis564@gmail.com
mallen,Michael Allen,michael.allen@protonmail.com
odavis,Oliver Davis,oliver.davis901@example.com
sroberts,Scarlett Roberts,scarlett.roberts@mail.com
mthomas,Mia Thomas,mia.thomas@outlook.com
htaylor,Henry Taylor,henry.taylor@outlook.com
iwalker,Isaac Walker,isaac.walker@yahoo.com
aking,Ava King,ava.king194@yahoo.com
aroberts,Ava R. Roberts,ava.roberts@protonmail.com
escott,Evelyn Scott,evelyn.scott@example.com
gadams,Gabriel C. Adams,gabriel.adams@protonmail.com
onelson,Owen Nelson,owen.nelson495@protonmail.com
broberts,Benjamin Roberts,benjamin.roberts@mail.com
jking,Julian W. King,julian.king@mail.com
hmartin,Hannah Martin,hannah.martin269@gmail.com
jwilliams,Julian Williams,julian.williams555@example.com
gsmith,Grace Smith,grace.smith814@outlook.com
hwilson,Henry Wilson,henry.wilson@gmail.com
lrobinson,Luke Robinson,luke.robinson@outlook.com
oroberts,Olivia Roberts,olivia.roberts@outlook.com
jrivera,James Rivera,james.rivera@protonmail.com
ladams,Layla Adams,layla.adams798@gmail.com
egreen,Evelyn Green,evelyn.green@example.com
loganmiller371,Logan Miller,logan.miller@gmail.com
eperez,Evelyn Perez,evelyn.perez851@example.com
gracesmith347,Grace Smith,grace.smith@mail.com
zlee,Zoe Lee,zoe.lee@gmail.com
slopez,Scarlett Lopez,scarlett.lopez826@yahoo.com
mmartinez,Michael Martinez,michael.martinez@example.com
cnguyen,Chloe Nguyen,chloe.nguyen881@protonmail.com
jacksonwilson473,Jackson Wilson,jackson.wilson@outlook.com
iperez,Isabella Perez,isabella.perez@outlook.com
oliviadavis958,Olivia Davis,olivia.davis@outlook.com
wanderson,William Anderson,william.anderson42@outlook.com
lgonzalez,Lucas Gonzalez,lucas.gonzalez995@example.com
agonzalez,Aria Gonzalez,aria.gonzalez56@outlook.com
crobinson,Carter Robinson,carter.robinson106@example.com
ggarcia,Gabriel U. Garcia,gabriel.garcia909@mail.com
wflores,William Flores,william.flores538@gmail.com
gyoung,Gabriel Young,gabriel.young@example.com
jlee,Jackson Lee,jackson.lee@mail.com
abaker,Amelia Baker,amelia.baker130@gmail.com
lukemiller218,Luke Miller,luke.miller@yahoo.com
lnelson,Luke Nelson,luke.nelson@outlook.com
charlottemoore376,Charlotte Moore,charlotte.moore@example.com
cwilson,Charlotte Wilson,charlotte.wilson760@yahoo.com
nrodriguez,Nora Rodriguez,nora.rodriguez@yahoo.com
olivianguyen76,Olivia Y. Nguyen,olivia.nguyen105@protonmail.com
lmoore,Levi Moore,levi.moore@gmail.com
manderson,Mia Anderson,mia.anderson@yahoo.com
ehall,Elijah Hall,elijah.hall102@example.com
clee,Chloe Lee,chloe.lee604@yahoo.com
lgreen,Layla Green,layla.green@yahoo.com
lwhite,Logan White,logan.white@outlook.com
